Credit Card Number,FirstName,LastName,ExpiryDate,CVV Number,Zip
kcz6K6UtV9dzuu2eFu9fF37pKtJGMALoc0Il8Qx9ez4c7ZwNdLk0XdktP1Cxzls=,Willy,Doran,04/18,b9jM0W2wsYC6PMW5hUfSAfkcxgCOJgsORgOu6jvJHw==,43604
2AU4XjSstT53lewDJqcbaRUjM92XBhtOW0luMLv00nN3zDSk0X0jWyEr12E=,Noah,Augustine,06/18,An+CN70sHL/La4s2a8oKO7kVjpfcdnV4FqxHwc2Q9w==,27215
n4xD3GwaBISO5/KqvnBIkl8FeR98KauEgrImceaHQX/35ntlUzMUOqg=,Hershel,Sharp,09/22,TVUIY20tnMzQA0RxuZ4rTFNixitW1si3iAfSqdg/XA==,32459
WTiM+7HLFoDZztDb8ihG2kkJ5qk941Q0K37lWmqkI8ft+PXVhmzE3SEmVIM=,Gale,Mora,11/18,aQnIT9R/AM5dW0BynM3Mx3SJ3mo+/tUUAcvw9NTlsA==,32433
s0VNJ2t3/XrGS/BLuOIJpCzkG2YSTMSBHPHQwp1yC9JVLnsjvAZHp0M=,Elaine,Dean,03/17,6L2DhfEhIy79a3R/0womrM5SKcW++YfddvnlWwOd4A==,87544
uut487/G8fC1V7av5XHG2nn9oPzPzxKx62ULz6S3xN+4T7uFsUoONQLqjNs=,Harland,Hodges,10/18,TtsozTbykD/tzxFMvYg+TJRsEZ1tN1eqwZZdk3a0XA==,27215
r70BLm2pQ7+BkPZoKVqBj7OXUzbFJqDqykJS0V/YOmH1VIfSaK/uMG4=,Cathy,Delacruz,10/18,Fv7b77iHk0jd7s45nFmFokct/4pJpb+VSHhqixeNiQ==,27344
3eVTk/d9AujgflktxL+SHfoApOQ4eovNFTr3L/opnq5AjdShM9asMgw6lBk=,Caroline,Pham,03/17,zqYOn4TX9AkrH0XjxNV/pivbNQYeUm6RRKNbaoCTvA==,14612
ynpALVL+6J4hZeWWZJmdfGvcwg8ryU8N3FHd8suB7HDKB73T4xYZCj8zBPs=,Randi,Mcclellan,02/17,20fbWJGilQojnq5CREtlTKmqguNjs2KK46jYX29D+w==,43604
1FRThGJLdTxQCjkmih6fcRLgrqvcWbXFCK8105hfq7CV2xkPoCZXc2fMTtg=,Celestine,Peoples,10/18,5AXJ6VX94KLZNfvGEZCM2Vnr6+BJDrLNP0yClJh4EA==,14612
e/l1ayy5gwH2E4GrHEx4wuzxuORBqZhff0iS4zN68tqmjCcTT3bKOHc0Ifg=,Geri,Keyes,08/17,3HtP44DH+hUa/VC/X868doiKsW5eaRluLtKPqGA77Q==,95949
1hqSdjKPKhnmTYX6LdSgRJ1XBnT1wUibDCrQcOUUJIpgO60hS2e46FI=,Jo,Shultz,02/20,jL0XPiCw8+JT0vi2OfIFE81ZcZunrb3y0YyW8HuQvQ==,95949
BmzL+LfBg4yyNIEdBIMh6ft5nOziO2uFluHtpT+r43clA/m47ASZ4mA=,Vivian,Capps,12/20,+sLsSAwP7A7HCC1SGw766PgK18q5DihHszrPkQZzXA==,27559
yLlptJRT7NmyBjEU8Um46b82RDV7UjEkcGfWVSLO1OWIhSDCBEkEXKu4es4=,James,Sexton,03/18,WgSA1Ux39Xt9OKvPK+sRgXdNzrinP6krwwXmy58sXw==,27519
7EbUEKgn8ictzo+dgQiX3mpHlBh0kSgFd/Bz/nNLQzvdUmwPOmzLBl547iP0GHY=,Lisa,Bishop,04/19,NQxx2VoY7deR0Arl3X417x5dM74em2aUPxvzOhJ9Pg==,32464
CZt/aaIZavSeaLPPYL588B9prF1odcP5TYUneDsDurmxJWLGLoVJLpE=,Abdul,Gonzales,07/17,y7fsiBtlVeSkHApqyKfI98pb2dhivSZWE5d/s2S1fg==,95949
5YSNGHPyCgqUHY4bzjGEapKIR+usqq06S6x+mRYdFJ0MlPCLRdWXAsaqCOK0/dI=,Rocio,Ransom,01/22,OQTBAiDk8k6PSeRZqJoNwdMnkVTB65gH0W/8FeJiaw==,32459
IheWWoLvJkwQjPIfXE6rC4tIFWytGXJvU2U0WeGxp92QWpJUnFHPd0i0Atw=,Basil,Santana,12/19,ef0qGPp/oGdlTYhOyXG9khHjf9FLp0HvfbqB4P6qNw==,95949
078SzlwpuA71V9G63jKdmiGNf85mGSSlHFVbORobV7gSp9fLL++Jcn0=,Dale,Babb,10/20,6D68WEpCVud0+aXUtGkXkp+LdwAsannG2b8yvTittg==,14621
WX7+9aQs/9swgA4OSw9RHyUB+m/FuY8sga+BSxBIyYr0V3CufJcaU9E=,Marcie,Mahoney,11/18,YCMcW2WPFf0+2gwaHltKDBRlcNP0WJkkKxhu1lvXsg==,95949
iaNOi1wV9CrY4EyJ2008qiUtMOaxbrk8EWOoXohu1bH6UcgfTaZ24/4=,Bridget,Woodall,02/17,izhP/mv+Uy4vnuL/pc2ZE0D73B7+xHrEEODvDZRB5Q==,87544
YanQFOUR/2lktlqar42Jd7bcBm59TaomvA9t80k+GFLCAqx35hfhN39N7kQ=,Sue,Clayton,12/22,Na636BcEKgM8zYRPo/JOGTXbt1DxcpufejpzNWqgxA==,14612
fQYeG2ANoAxlo+JOnFlV2cyEhLvpP2NUwY9qFSXwxOWtmVnrotDBEs2bHh/5DXI=,Garth,Rouse,11/21,ATD+NkQpB3e+222rAK9zps41yAXBwzOv82bEs4fazg==,27215
tqOUFXmc7fh8+3puWzz7qyGyZHvfXwzATiFH/Ydb4XdUhEfwAj6NXWFOm28=,Martina,Morris,12/17,g4LzKHGPZfRRB+V0h81FMR1U7rs2ypfaVl/X4ykJkA==,87544
Y8oPHHCnnvO+DvcB03IgA8MYLtNqfKfD/CZvShNOe0CIS6LWltsgNOI=,Palmer,Bergman,05/18,UD1kotLMvT/QVlj2is+8hgIcLxs6cXxgc5HEGcU6rQ==,27519
WBpwUvakBJhFcSMhafvyUuW9SWC/vBld18N5V4Q8iiL2LZSXkggEfJhjj5igRLs=,Guadalupe,Pope,11/19,GihhgKTIZhkmmNrslvlC9qNDiKDu1ymstMXbA5NYyg==,27516
yMjWOIqMxoWHryp0B3Uvraz3p4SzIIVYUM4sOImhbjcdl0N93/HyrNGSz34=,Clifford,West,05/21,+j4GtCNtJ8f9VJlxD/Khon9JoECviP4FD/GaWTsVmQ==,95949
1YG5U5+LpkqDXOHjTjd7Bd65CKya/nzREmY5i871FyxIEZ1QpWNwn0nxABS3zH8=,Tyron,Hyatt,01/21,bcTK7eX9lzZZEhP8kOHaxeXB5paHpRE/A1EV1vAWvQ==,97080
W82enNnGHxpiDBvFX3tqbAielE4B7uwsSmqtNv3Nd673B79VXwBaxOZKSs8=,Sammie,Block,07/17,yLrsfcYgzGIS9rmV+nYDjfPM/pAMXfZ2DjQxuK/XYw==,43604
ZogMI2JSuEEAPCXQLvvVB2mzbkdu8x2URnJ8VJs5o6pCBUqCBVFY9HLwFWU=,Reynaldo,Randle,03/20,drIo2zW1VW+L9YsOYytRkMGC+sq+tDVJ5BzZ9/7OPg==,95949